id,category,campaign_stage,tip,why_it_works,region,confidence,evidence,source,source_url,source_date
rc-001,strategy,plan,"Define one primary success metric for the campaign before you open it, like quality of hire at 90 days, not just speed.",Single-metric clarity prevents the team optimising for the wrong outcome and aligns hiring manager and recruiter.,global,high,"89% of organisations rank quality of hire as critical, only 25% feel confident measuring it",StaffingHub,https://staffinghub.com/state-of-staffing/why-quality-of-hire-is-the-metric-that-matters-most-in-2025/,2025-04
rc-002,strategy,plan,"Run a 30 minute intake with the hiring manager before writing the ad, and capture must-haves, scorecard and target start date.",Structured intake makes teams three times more likely to cut time-to-hire and twice as likely to improve quality of hire.,global,high,Misalignment forces 41% more mid-search requisition changes and adds 38% to time-to-fill,Recruiterflow,https://recruiterflow.com/blog/intake-meeting/,2024-07
rc-003,strategy,plan,"Cap each recruiter at five to seven active roles, then add a sixth only if you cut a stale one.",Workload above this range correlates with sharply lower close rates in mid-market hiring teams.,global,medium,Drop from 7 to 5.8 reqs per recruiter lifted close rate from 42% to 79% in two quarters,SelectSoftwareReviews,https://www.selectsoftwarereviews.com/blog/recruiter-capacity-model,2024-06
rc-004,strategy,plan,"Pick four to six channels for the campaign, not all of them. Too many channels create noise and dilute spend.",Most successful recruiters use 4 to 6 active channels matched to role type and seniority.,global,high,4 to 6 channels is the sweet spot across sourcing studies,Manatal,https://www.manatal.com/blog/top-10-recruitment-channels,2024-09
rc-005,strategy,plan,Set a 48 hour service-level for first response to every applicant before the campaign goes live.,"Only 19% of candidates hear back inside 24 hours today, so a 48 hour standard is a real differentiator.",global,high,3 to 5 day average first contact lag drives ghosting,HR Dive,https://www.hrdive.com/news/job-candidates-want-faster-response-times-from-recruiters-ghosting/635448/,2023-08
rc-006,strategy,plan,Plan the AU campaign sprint to fall in late January to March or mid-July to September when job-search traffic peaks.,"SEEK traffic spikes after summer and at the start of the second half, lifting application volumes.",AU,medium,Seasonal SEEK job-ad and search patterns,SEEK,https://talent.seek.com.au/market-insights/article/seek-employment-dashboard-april-2025,2025-05
rc-007,strategy,plan,Check the internal team before posting externally and ask if anyone could move sideways or up into the role.,Internal moves fill in 10 to 15 days vs 42 days for external hires and improve retention.,global,high,Companies with strong internal mobility see 2x increase in retention,Phenom,https://www.phenom.com/blog/what-is-talent-marketplace,2024-05
rc-008,strategy,plan,"Decide on one or two concrete proof points for the EVP before writing copy, then anchor every channel to them.",Activated EVPs lift engagement by 23% and cut turnover by 24%.,global,high,Deloitte EVP measurement data,Deloitte,https://www.deloitte.com/uk/en/services/consulting/blogs/2025/employee-value-proposition-creating-a-human-centred-and-experience-driven-organisation.html,2025-04
rc-009,strategy,plan,Write the rejection email and the offer email on day one so the team is not improvising under pressure later.,Prepared touchpoints lift candidate NPS and prevent ghosting at decision time.,global,medium,61% of job seekers have been ghosted after an interview,Greenhouse,https://www.greenhouse.com/blog/greenhouse-2024-state-of-job-hunting-report,2024-12
rc-010,strategy,plan,"Set a stop date for the campaign, not just a start date. Roles that drift past 60 days lose hiring manager attention.",Aged requisitions distort capacity planning and erode candidate quality.,global,medium,Stage-aging is a top dashboard signal,AIHR,https://www.aihr.com/blog/recruitment-dashboard/,2024-11
rc-011,employer_brand,attract,"Publish one short employee video per campaign showing a real day in the role, filmed on a phone, not a production set.",Employee-shared content gets eight times the engagement of brand-channel content.,global,high,8x engagement uplift for employee posts,Sprout Social,https://sproutsocial.com/insights/employee-influencers/,2024-06
rc-012,employer_brand,attract,Name the hiring manager in the ad and link to their LinkedIn. Faceless ads convert worse than ones with a person attached.,"Personal attribution builds trust and lifts apply rates, especially with Gen Z.",global,medium,Gen Z candidates trust employee voice over brand voice,HR Brew,https://www.hr-brew.com/stories/2025/09/23/hr-recruitment-marketing-tiktok,2025-09
rc-013,employer_brand,attract,"Cut buzzwords like world-class, dynamic and rockstar from the ad. Concrete nouns and verbs outperform vague positives.",Generic praise reads as low-signal and reduces perceived credibility.,global,medium,53% of hires report ads differed significantly from reality,Greenhouse,https://www.greenhouse.com/blog/greenhouse-2024-state-of-job-hunting-report,2024-12
rc-014,employer_brand,attract,"Pick two EVP themes and repeat them everywhere, like flexibility and growth, rather than listing ten.",Repetition across surfaces is what makes an EVP land internally and externally.,global,medium,75% of HR leaders find internal EVP comms challenging,Gartner,https://www.symphonytalent.com/blog/gartner-reimiaginehr-top-trends-shaping-talent-strategies-in-2025/,2024-11
rc-015,employer_brand,attract,Ask three current employees for one sentence each on why they stay. Use those quotes in the ad and on the careers page.,First-person staff quotes outperform generic culture copy and read as authentic.,global,medium,Employee voice drives trust in candidate decision making,HR Brew,https://www.hr-brew.com/stories/2025/09/23/hr-recruitment-marketing-tiktok,2025-09
rc-016,employer_brand,attract,"Show the team. Use a photo of the actual team the hire will work with, not stock photography.",Real photos outperform stock on every recruitment marketing benchmark for trust and click-through.,global,medium,Authentic visuals lift career-site conversion,Jobful,https://jobful.io/resources/post/career-site-optimization-conversion-playbook,2025-06
rc-017,employer_brand,attract,Add one video testimonial on the careers page from someone in a similar role.,Video on a landing page can lift conversion by up to 80%.,global,medium,On-page video conversion boost,Hashmeta,https://hashmeta.com/blog/how-to-use-video-testimonials-to-boost-conversions-a-performance-based-guide/,2024-08
rc-018,employer_brand,attract,"Address the workload question in the ad. If the role is busy, say so honestly and explain the support around it.","Excessive workload is the top reason AU employees leave, so candidates screen for it.",AU,high,26% of AU employee departures cite excessive workload,AHRI,https://www.ahri.com.au/resources/hr-research/ahri-quarterly-australian-work-outlook-march-2025,2025-04
rc-019,employer_brand,attract,"Mention flexibility specifics, not just the word flexible. Spell out the hybrid pattern, hours and trust model.","65% of companies highlight flexibility as a core EVP element, so specifics are the differentiator.",global,medium,Flexibility specificity drives candidate interest,LumApps,https://www.lumapps.com/insights/blog/employee-value-proposition-key-strategies-for-2025,2025-02
rc-020,employer_brand,attract,Run a single recurring employee content series instead of a one-off campaign film.,Consistent micro-content compounds; one-off films decay within weeks.,global,medium,Short-form video outperforms longer formats for completion and shares,Wonderkind,https://www.wonderkind.com/blog/how-to-use-video-to-hire-on-tiktok-youtube-snapchat,2025-01
rc-021,job_ad,attract,Keep the job description between 200 and 400 words. Apply rates peak in this range.,Apply rates run 8 to 8.5% in this band and drop below 5% for ads over 700 words.,global,high,Appcast analysis of 10.2 billion clicks,Appcast,https://www.appcast.io/how-to-write-a-job-ad-that-converts/,2024-03
rc-022,job_ad,attract,"Use a short, searchable job title between one and four words. Avoid clever titles like Coding Ninja.",Titles of one to three words generate more clicks; long titles rank poorly in search.,global,high,1-3 word titles average 3.41 clicks vs 2.75 for 13+ words,Appcast,https://www.appcast.io/how-to-write-a-job-ad-that-converts/,2024-03
rc-023,job_ad,attract,"Lead the ad with the outcome the person will own in the first 90 days, not with company history.",Outcome-led copy converts better and signals you have a clear plan for the role.,global,medium,Candidates rate concrete role detail above company puffery,Indeed,https://www.indeed.com/hire/c/info/how-to-improve-your-job-postings-to-attract-better-candidates,2024-02
rc-024,job_ad,attract,List four to six must-have requirements only. Move the rest to a clearly labelled nice-to-have list.,Clear must-have framing lifts application rates from under-represented candidates.,global,high,Clear must-have labelling shifts gender ratio of applicants,Behavioural Insights Team,https://www.bi.team/wp-content/uploads/2022/03/Gender-differences-in-response-to-requirements-in-job-adverts-March-2022.pdf,2022-03
rc-025,job_ad,attract,Show the salary band in the ad. Candidates self-select faster and trust the employer more.,Candidates rank pay among the most important pieces of ad information; visible pay reduces wasted applications.,global,high,Almost one in four job seekers say pay is the most important ad detail,Indeed,https://www.indeed.com/hire/c/info/how-to-improve-your-job-postings-to-attract-better-candidates,2024-02
rc-026,job_ad,attract,"Replace masculine-coded words like competitive, dominate and aggressive with synonymous neutral words.",Removing gender-coded terms increases applications from women without losing male applicants.,global,high,29 to 40% application uplift across studies,PNAS,https://www.pnas.org/doi/10.1073/pnas.2409854122,2024-12
rc-027,job_ad,attract,Drop degree requirements unless the role legally needs one. Replace with the underlying skills.,Skills-first job ads expand candidate pools by up to six times.,global,high,Skills-based hiring expands pools 6x overall,LinkedIn,https://business.linkedin.com/talent-solutions/resources/future-of-recruiting,2025-01
rc-028,job_ad,attract,"Include three concrete benefits that matter to the role, not a list of every perk.","Specific, relevant benefits outperform exhaustive perk lists for click-to-apply rates.",global,medium,Targeted benefits framing lifts ad performance,Indeed,https://www.indeed.com/hire/resources/howtohub/optimize-jobs-from-your-career-site-or-ats-on-indeed,2024-04
rc-029,job_ad,attract,Use one screening question in the ad to weed out clearly unqualified applicants without adding friction.,A single targeted screener lifts hire likelihood without hurting completion.,global,medium,Screener questions can lift hire likelihood by 50%,Indeed,https://www.indeed.com/hire/resources/howtohub/optimize-jobs-from-your-career-site-or-ats-on-indeed,2024-04
rc-030,job_ad,attract,"Write the ad in second person, talking to the candidate, not in third person about the role.","Second-person ads convert better because they feel like a conversation, not a brochure.",global,medium,Direct candidate-facing copy lifts apply rates,Ongig,https://blog.ongig.com/job-ads/10-ways-to-boost-a-job-ads-apply-rate/,2024-03
rc-031,job_ad,attract,Add one sentence on growth or learning. Career progression beats free coffee for most candidates.,Professional development is highly valued by both Millennials and Gen Z.,global,medium,Gen Z prioritise purpose and growth over traditional perks,Radancy,https://blog.radancy.com/2024/08/05/recruiting-gen-z-data-trends/,2024-08
rc-032,job_ad,attract,Open with a hook sentence that names the problem the role exists to solve.,Problem-led openings outperform generic job-summary openings on click-to-apply.,global,medium,Outcome-led copy lifts engagement,CareerPlug,https://www.careerplug.com/recruiting-metrics-and-kpis/,2025-02
rc-033,job_ad,attract,"Use the same job title across the ad, the careers page and the ATS posting. Inconsistency tanks search ranking.","Consistent titles improve search visibility on Indeed, SEEK and Google for Jobs.",global,high,Consistent titles outrank creative aliases,Workable,https://resources.workable.com/tutorial/seo-job-descriptions,2024-05
rc-034,job_ad,attract,"Use plain English at year-9 reading level. Long, jargon-heavy sentences lose candidates fast.",Plain language widens the applicant pool and improves comprehension on mobile.,global,medium,Plain language consistently lifts conversion in copy testing,Ongig,https://blog.ongig.com/job-ads/10-ways-to-boost-a-job-ads-apply-rate/,2024-03
rc-035,job_ad,attract,"Test two title variants in parallel for the first 48 hours, then keep the winner.",Job title is the single highest-leverage A/B test on apply rate.,global,medium,Title length and wording shift click-to-apply rates substantially,Appcast,https://www.appcast.io/how-to-write-a-job-ad-that-converts/,2024-03
rc-036,job_ad,attract,Mention location specifically. Vague location terms like nationwide or flexible reduce apply rates.,"Candidates filter heavily on location, so specificity drives qualified clicks.",global,medium,Location specificity is a top job board filter,Indeed,https://www.indeed.com/hire/resources/howtohub/optimize-jobs-from-your-career-site-or-ats-on-indeed,2024-04
rc-037,job_ad,attract,Add a one-line note inviting candidates to apply even if they meet most but not all requirements.,Encouragement statements lift under-represented applications without lowering quality.,global,medium,Inclusive framing widens applicant pool,World Economic Forum,https://www.weforum.org/stories/2024/02/job-description-talented-women-leadership/,2024-02
rc-038,sourcing,attract,"Lead the AU campaign on SEEK for volume, then layer LinkedIn for specialist roles and Indeed AU as a second tier.",SEEK is the gravitational centre of AU job search; specialist roles benefit from LinkedIn targeting.,AU,high,SEEK applications per ad at record highs in August 2025,SEEK,https://talent.seek.com.au/market-insights/article/seek-employment-dashboard-august-2025,2025-09
rc-039,sourcing,attract,Ask your team for two referrals each in the first week. Most referrals happen during work hours.,Referred candidates convert at ~30% vs ~7% for other applicants and retain 25% better at one year.,global,high,Referrals deliver higher conversion and retention,Electroiq,https://electroiq.com/stats/employee-referral-statistics/,2024-04
rc-040,sourcing,attract,Set a flat referral bonus that is meaningful to your business. Anywhere from a thousand to five thousand dollars is the typical band.,"Clear, fair bonuses drive participation without distorting decisions.",global,medium,Typical referral bonuses range 1k to 5k per successful hire,FormAssembly,https://www.formassembly.com/blog/employee-referral-programs/,2024-07
rc-041,sourcing,attract,Run silver-medalist re-engagement at the start of any campaign. Past finalists convert at 50% or higher.,Silver medalists already know your business and convert at high rates with low effort.,global,high,Silver-medalist re-engagement consistently exceeds 50% response,Hootrecruit,https://hootrecruit.com/blog/passive-talent-sourcing/,2024-10
rc-042,sourcing,attract,Personalise outreach by mentioning a specific project or post by the candidate. Boilerplate InMail loses to specifics.,Personalised outreach lifts InMail response from 5-10% to 25-35%.,global,high,Personalisation triples cold outreach response rates,Metaview,https://www.metaview.ai/resources/blog/candidate-outreach,2024-10
rc-043,sourcing,attract,"Keep InMail under 400 characters. Short, specific messages outperform long pitches.",InMails under 400 characters get 22% higher response rates.,global,high,Short-form outreach data from LinkedIn benchmarks,Metaview,https://www.metaview.ai/resources/blog/candidate-outreach,2024-10
rc-044,sourcing,attract,"Send sourcing outreach Tuesday to Thursday, 8 to 10am or 4 to 6pm local time.","Mid-week, edges of the workday consistently outperform Monday mornings and Friday afternoons.",global,medium,Outreach timing benchmarks,Metaview,https://www.metaview.ai/resources/blog/candidate-outreach,2024-10
rc-045,sourcing,attract,"Use a three-touch outreach sequence across LinkedIn, email and phone within 10 to 14 days.",Multi-channel sequences triple reply rates over single-channel sends.,global,high,Multi-channel sequences achieve 15 to 25% reply vs 5 to 10% single-channel,Metaview,https://www.metaview.ai/resources/blog/candidate-outreach,2024-10
rc-046,sourcing,attract,Run a small programmatic test once you have data on which job boards convert. Reallocate spend in real time.,Programmatic ad buying outperforms manual board spend on targeting and effectiveness.,global,medium,Programmatic shows 51% better targeting and 48% better effectiveness,Veritone,https://www.veritone.com/blog/the-evolution-of-programmatic-job-advertising-3-game-changing-stats-for-2025/,2025-02
rc-047,sourcing,attract,"Build a talent pool for every role you have hired more than once, then nurture it monthly.",Talent pools shorten time-to-fill on the next opening and lower cost-per-hire.,global,high,Monthly nurture cadence is the recommended baseline,Gem,https://www.gem.com/blog/talent-pool-management,2024-09
rc-048,sourcing,attract,"Segment the talent pool by skill, location and engagement before sending any nurture email.",Segmentation lifts open and reply rates and feels less spammy.,global,medium,Granular segmentation is the strongest predictor of nurture engagement,Gem,https://www.gem.com/blog/best-practices-for-organizing-and-nurturing-talent-pools-for-recruiters,2024-07
rc-049,sourcing,attract,"For AU skilled trade roles, advertise in trade-specific channels alongside SEEK because broad boards underperform.",Trade and care occupations remain in long-term AU shortage with low generalist response.,AU,high,"139 AU occupations on shortage list since 2021, heavy in trades and care",Jobs and Skills Australia,https://www.jobsandskills.gov.au/data/occupation-shortage,2025-10
rc-050,sourcing,attract,Post the ad on Indeed Apply if available. Simplified mobile apply lifts completed applications five times.,Indeed Apply delivers 5x more completed applications than non-Apply postings.,global,high,Indeed Apply benchmark,Indeed,https://www.indeed.com/hire/resources/howtohub/what-is-indeed-apply,2024-04
rc-051,sourcing,attract,Run a single TikTok or Reels short for Gen Z roles. Day-in-the-life beats slick recruiter pitches.,Gen Z spends hours daily on short-form video and trusts employee voice over brand voice.,global,medium,Short-form video receives up to 35% higher engagement than static posts,HR Brew,https://www.hr-brew.com/stories/2025/09/23/hr-recruitment-marketing-tiktok,2025-09
rc-052,sourcing,attract,Make sharing the role a one-tap action for staff. Pre-write the LinkedIn copy they can paste.,Employee-shared posts outperform brand-channel posts on engagement and trust.,global,medium,Employee-shared content gets 8x engagement,Sprout Social,https://sproutsocial.com/insights/employee-influencers/,2024-06
rc-053,candidate_experience,attract,"Acknowledge every application within 48 hours, even with an automated message that sets expectations.",Fast acknowledgement reduces ghosting and lifts candidate NPS.,global,high,Only 19% of candidates hear back inside 24 hours today,HR Dive,https://www.hrdive.com/news/job-candidates-want-faster-response-times-from-recruiters-ghosting/635448/,2023-08
rc-054,candidate_experience,attract,Tell candidates the next step and the expected timeline in the acknowledgement email.,Clear timelines reduce anxiety and the urge to accept competing offers.,global,medium,42% of candidates want stronger recruiter communication,Greenhouse,https://www.greenhouse.com/blog/greenhouse-2024-state-of-job-hunting-report,2024-12
rc-055,candidate_experience,engage,Use SMS for time-sensitive updates like interview confirmations. Texts open in three minutes.,"SMS gets a 98% open rate and a 45% response rate, with a median read time of three minutes.",global,high,SMS open and reply rates dwarf email,Hireserve,https://hireserve.com/benefits-of-using-sms-for-candidate-communications/,2024-04
rc-056,candidate_experience,engage,"Ask candidates for their preferred contact channel at the apply stage. Text, email or phone.",Channel preference respect lifts engagement and reduces no-shows.,global,medium,Candidates getting texts rate experience 50% higher,Jobvite,https://www.jobvite.com/blog/how-texting-can-improve-your-candidate-experience/,2024-03
rc-057,candidate_experience,screen,Always send a rejection within five days of the interview. Silent rejections drive negative reviews.,"72% of job seekers share negative experiences online, hurting future campaigns.",global,high,55% of job seekers avoid companies after reading negative reviews,AIHR,https://www.aihr.com/blog/candidate-nps/,2024-08
rc-058,candidate_experience,screen,Personalise rejection emails for interviewed candidates with one specific comment from the panel.,Personal rejections protect employer brand and keep silver medalists warm.,global,medium,Candidate resentment is at record levels,Talent Board,https://www.ere.net/articles/12-key-takeaways-from-the-2024-candidate-experience-benchmark-research,2024-12
rc-059,candidate_experience,screen,Run a candidate NPS survey after every campaign closes. Aim for a score above thirty.,Above zero is acceptable; 30 to 70 is strong; over 70 is elite.,global,high,Standard CNPS benchmark interpretation,Starred,https://www.starred.com/blog/candidate-nps-benchmarks-what-are-they,2024-06
rc-060,candidate_experience,screen,Ask one open question in the NPS survey: what would have made this better. Use the answers in the next intake.,Open feedback surfaces fixable friction points the recruiter cannot see.,global,medium,Only 41% of companies currently ask for feedback,Talent Board,https://www.ere.net/articles/12-key-takeaways-from-the-2024-candidate-experience-benchmark-research,2024-12
rc-061,candidate_experience,engage,Cap the interview process at four stages for non-executive roles. More stages predict drop-off.,Excessive interview rounds increase abandonment and counter-offer risk.,global,medium,"31% of candidates wait 2-3 weeks for first interview, driving disengagement",Cronofy,https://www.cronofy.com/reports/candidate-expectations-report-2024,2024-05
rc-062,candidate_experience,engage,"Share the interview format and questions in advance. Surprise interviews favour confident extroverts, not the best fit.",Preparation increases signal in interviews and improves candidate experience.,global,medium,Structured interviews improve quality of hire,Talentally,https://talentally.com/resources/training-hiring-managers-to-be-better-interviewers,2024-09
rc-063,candidate_experience,engage,Confirm the interviewer name and seniority in the calendar invite. Candidates prep better when they know who they will meet.,Clear context reduces no-shows and improves answers.,global,medium,Candidate communication consistently ranks as top improvement area,Greenhouse,https://www.greenhouse.com/blog/greenhouse-2024-state-of-job-hunting-report,2024-12
rc-064,candidate_experience,offer,Make the verbal offer within 48 hours of the final interview. Delay is the largest cause of declined offers.,Speed prevents counter-offers and competing offers from landing first.,global,high,"Time-to-hire up 24% since 2021, driving acceptance decline",Pin,https://www.pin.com/blog/applicant-drop-off-rates/,2025-12
rc-065,candidate_experience,offer,Ask the candidate during the offer call whether their current employer is likely to counter-offer.,Pre-processing the counter-offer question reduces last-minute withdrawals.,global,medium,Counter-offers account for ~10% of declines,HRBench,https://www.hrbench.com/resource/learn/offer-acceptance-rate,2024-08
rc-066,candidate_experience,offer,Send the written offer the same day as the verbal. A 24 hour gap is enough to lose the candidate.,Documented offers tighten commitment and reduce reneging.,global,medium,Offer process speed predicts acceptance,Pin,https://www.pin.com/blog/recruitment-funnel-benchmarks/,2025-12
rc-067,screening,screen,Use a structured scorecard with weighted criteria for every interview. Unscripted interviews favour the wrong candidates.,Structured scoring is the single highest-impact lift to interview-to-offer conversion.,global,high,Structured interviews improve quality of hire and reduce bias,The Connors Group,https://theconnorsgroup.com/2025/03/04/7-steps-to-designing-a-structured-interview-process/,2025-03
rc-068,screening,screen,Train every hiring manager on the scorecard before they interview. Only 38% have any interview training.,Even one hour of training measurably improves consistency and reduces bias.,global,high,38% of hiring managers receive formal interview training,Talentally,https://talentally.com/resources/training-hiring-managers-to-be-better-interviewers,2024-09
rc-069,screening,screen,Test for skills before reviewing CVs for high-volume roles. Skills tests predict performance better than resumes.,96% of employers using skills tests before CV review report higher-quality hires.,global,high,Skills-first hiring delivers 50% lower time-to-hire and 89% better retention,TestGorilla,https://www.testgorilla.com/skills-based-hiring/state-of-skills-based-hiring-2025/,2025-01
rc-070,screening,screen,Keep work samples short. Twenty minutes maximum for a take-home. Long tasks drive away strong passive candidates.,Excessive work samples are a top reason strong candidates withdraw.,global,medium,Candidate experience research links task length to drop-off,Greenhouse,https://www.greenhouse.com/blog/2024-greenhouse-candidate-experience-report,2024-05
rc-071,screening,screen,Use the same questions across all candidates for the same role. Comparable answers are the only path to fair scoring.,Consistent questions reduce bias and improve hiring manager confidence.,global,high,Structured interviews improve calibration and outcomes,The Connors Group,https://theconnorsgroup.com/2025/03/04/7-steps-to-designing-a-structured-interview-process/,2025-03
rc-072,screening,screen,Limit panel size to three. Larger panels slow decisions without improving signal.,Panel-size discipline keeps decision cycles fast.,global,medium,Stage and panel count drive decision lag,Pin,https://www.pin.com/blog/recruitment-funnel-benchmarks/,2025-12
rc-073,screening,screen,"Score independently first, then debrief. Anchoring to the loudest voice corrupts the consensus.",Independent scoring before debrief is a standard structured-interview safeguard.,global,high,Independent scoring reduces anchoring bias,SIOP,https://www.siop.org/post/quantifying-quality-best-practices-for-measuring-quality-of-hire/,2024-05
rc-074,screening,screen,Use a behavioural question for each must-have skill. Past behaviour predicts future performance.,Behavioural questions outperform hypothetical and trick questions on signal.,global,high,Structured behavioural interviews are the highest-validity interview type,Talentally,https://talentally.com/resources/training-hiring-managers-to-be-better-interviewers,2024-09
rc-075,screening,screen,Reject CVs only against documented criteria. Gut-feel screening reproduces past bias.,Criterion-based screening keeps the funnel defensible and consistent.,global,medium,AI and human screening both reproduce historical bias without criteria discipline,Brookings,https://www.brookings.edu/articles/gender-race-and-intersectional-bias-in-ai-resume-screening-via-language-model-retrieval/,2024-10
rc-076,ai_automation,screen,"Use AI to draft job ads and screening questions, then have a human review every line before it goes live.",AI saves recruiters one workday a week but should not replace judgement on the final output.,global,high,74% of TA pros say AI makes hiring more efficient,LinkedIn,https://business.linkedin.com/talent-solutions/resources/future-of-recruiting,2025-01
rc-077,ai_automation,screen,Disclose when AI is used in screening and give candidates an opt-out path.,Transparency is now an expected practice and lifts trust scores.,global,medium,Gartner recommends opt-out paths for AI screening,Gartner,https://www.gartner.com/en/newsroom/press-releases/2025-10-07-gartner-says-ai-revolution-and-cost-pressures-are-two-forces-driving-the-top-four-trends-for-talent-acquisition-in-2026,2025-10
rc-078,ai_automation,screen,"Audit AI screening output quarterly for demographic skew. If older or female candidates are screened out at higher rates, retrain or override.",AI screeners reproduce historical bias without active monitoring.,global,high,Stanford 2025 study shows AI screeners favour older male candidates,ArXiv,https://arxiv.org/pdf/2507.11548,2025-07
rc-079,ai_automation,engage,"Use a chatbot for FAQ, scheduling and basic eligibility checks. Hand off to a human as soon as the conversation gets complex.",Chatbot handoff design protects candidate experience while saving recruiter time.,global,medium,38% of recruitment processes now use chatbots,Flexos,https://www.flexos.work/learn/conversational-ai-intelligent-chatbots-recruitment,2024-08
rc-080,ai_automation,screen,"Run async video pre-screens with three to five short questions, not ten. Long async screens hurt candidate experience.",Concise async pre-screens cut screening time by 80% without overwhelming candidates.,global,high,Async video pre-screens cut screening time by 80%,Vidcruiter,https://vidcruiter.com/video-interviewing/pre-recorded/,2024-07
rc-081,ai_automation,screen,"Let candidates retake async video answers at least once. Single-take recording penalises nerves, not performance.",Retake permission improves the fit between recording and real performance.,global,medium,Async video can feel impersonal and intimidating without affordances,Vidcruiter,https://vidcruiter.com/video-interviewing/pre-recorded/,2024-07
rc-082,ai_automation,engage,Automate interview scheduling. Reclaim recruiter hours and remove the slowest part of the calendar dance.,Scheduling automation saves recruiters 15 plus hours a week.,global,medium,Async video and scheduling tools save 15+ hours per recruiter weekly,Vidcruiter,https://vidcruiter.com/video-interviewing/pre-recorded/,2024-07
rc-083,ai_automation,plan,"Pick one AI workflow to roll out per quarter, not five at once. Adoption fails when teams try too many things.",Focused rollout outperforms scattered AI pilots in TA adoption studies.,global,medium,Bersin TA Revolution recommends sequenced AI rollout,The Josh Bersin Company,https://blog.radancy.com/2025/10/21/the-josh-bersin-company-report-recap-the-talent-acquisition-revolution/,2025-10
rc-084,ai_automation,screen,"Never let AI make the final hiring decision. Use it for triage and ranking, with humans deciding.",AI plus diverse human review outperforms either alone and protects against bias.,global,high,"Best practice is AI-augmented, human-decided screening",Impress.ai,https://impress.ai/blogs/the-2025-guide-to-eliminating-bias-in-ai-recruitment/,2025-03
rc-085,speed_efficiency,engage,Set a 5-day target from application to first interview offer for high-volume roles.,Most candidates withdraw if they wait two to three weeks for the first interview.,global,high,31% of candidates wait 2-3 weeks for first interview today,Cronofy,https://www.cronofy.com/reports/candidate-expectations-report-2024,2024-05
rc-086,speed_efficiency,plan,Block interview slots in the calendar for the next two weeks before the ad goes live.,Pre-blocked interview slots remove the largest source of scheduling delay.,global,medium,Scheduling lag is a top driver of time-to-hire,Cronofy,https://www.cronofy.com/reports/candidate-expectations-report-2024,2024-05
rc-087,speed_efficiency,screen,Combine the first interview and the work sample where possible. Two-stage processes beat four-stage on acceptance.,Fewer stages tighten the funnel without losing signal when each stage is well-designed.,global,medium,Time-to-hire correlates with offer acceptance,Pin,https://www.pin.com/blog/recruitment-funnel-benchmarks/,2025-12
rc-088,speed_efficiency,analyse,Track time-in-stage. The slowest stage is the bottleneck and where to spend your fix-it hour.,Time-in-stage is the single most actionable speed metric.,global,high,Stage-aging is the top dashboard signal across recruiting tools,AIHR,https://www.aihr.com/blog/recruitment-dashboard/,2024-11
rc-089,speed_efficiency,analyse,"Aim for time-to-hire under 32 days for AU non-executive roles. The AU median is 32 days, 16% faster than global.",AU has a structural speed advantage; matching the median is a credible baseline.,AU,high,Median time-to-hire 32 days in AU,SmartRecruiters,https://www.smartrecruiters.com/blog/australia-benchmark-recruiting-metrics/,2025-03
rc-090,speed_efficiency,engage,Use one shared inbox or ATS thread per candidate. Email tennis loses candidates.,Single-threaded comms reduces dropped balls and improves response times.,global,medium,Candidate comms ranks as top experience improvement area,Greenhouse,https://www.greenhouse.com/blog/greenhouse-2024-state-of-job-hunting-report,2024-12
rc-091,speed_efficiency,screen,"Run interviews same-week, not over a fortnight. Compressed cycles improve calibration and decision quality.",Compressed cycles keep the panel aligned and the candidate engaged.,global,medium,Stage-aging predicts both acceptance and quality,AIHR,https://www.aihr.com/blog/recruitment-dashboard/,2024-11
rc-092,speed_efficiency,plan,Pre-approve the salary band with finance before posting. Late approval kills offers.,Salary delay is a top decline cause.,global,medium,Compensation accounts for ~40% of offer declines,HRBench,https://www.hrbench.com/resource/learn/offer-acceptance-rate,2024-08
rc-093,speed_efficiency,plan,Pre-draft the offer letter and the rejection email. Day-of writing slows decisions.,"Templated docs let recruiters move on offer day in minutes, not hours.",global,medium,Offer speed predicts acceptance,Pin,https://www.pin.com/blog/applicant-drop-off-rates/,2025-12
rc-094,content_social,attract,"Post the role on LinkedIn from the hiring manager's profile, not just the company page. Personal posts outperform brand posts.",Employee-led posts get more reach and trust than company-page posts.,global,high,Employee-shared content has 8x engagement,Sprout Social,https://sproutsocial.com/insights/employee-influencers/,2024-06
rc-095,content_social,attract,"Run one piece of social content per week for the duration of the campaign, not all at launch.",Consistent cadence beats a single launch blast for sustained applications.,global,medium,Recurring content compounds across campaign window,Wonderkind,https://www.wonderkind.com/blog/how-to-use-video-to-hire-on-tiktok-youtube-snapchat,2025-01
rc-096,content_social,attract,"Use vertical video under 60 seconds for Reels, Shorts and TikTok. Horizontal repurposes badly.",Short-form vertical video outperforms longer formats for completion and shares.,global,high,Under-60-second video wins on completion,HR Brew,https://www.hr-brew.com/stories/2025/09/23/hr-recruitment-marketing-tiktok,2025-09
rc-097,content_social,attract,"Add captions to every video. Most viewers watch with sound off, especially on mobile.",Captions lift watch-time and accessibility.,global,high,Mobile-default sound-off behaviour drives caption ROI,Wonderkind,https://www.wonderkind.com/blog/how-to-use-video-to-hire-on-tiktok-youtube-snapchat,2025-01
rc-098,content_social,attract,"Repurpose every interview, panel and team photo across channels for a month. One asset, many surfaces.",Repurposing stretches limited content budget and reinforces brand recall.,global,medium,Consistent multi-surface presence lifts employer brand recall,Sprout Social,https://sproutsocial.com/insights/employee-influencers/,2024-06
rc-099,content_social,attract,Pin the role at the top of the company LinkedIn page until it closes. Pin replacements are free reach.,Pinned posts capture every profile visit during the campaign.,global,medium,LinkedIn page optimisation tactic,Burnett,https://burnettspecialists.com/blog/leveraging-social-media-for-recruiting-best-practices-for-2025/,2025-01
rc-100,content_social,attract,"Pair every social post with a direct apply link, not a careers-page link. Every extra click loses candidates.",Reducing clicks from interest to apply lifts conversion.,global,medium,Mobile drop-off rises with every click,Pin,https://www.pin.com/blog/applicant-drop-off-rates/,2025-12
rc-101,talent_pooling,engage,"Tag every silver-medalist candidate in the ATS with the role, the score and a re-engage date.","Silver-medalist re-engagement is the fastest, cheapest fill on the next role.",global,high,Silver-medalist re-engagement converts at 50%+,Hootrecruit,https://hootrecruit.com/blog/passive-talent-sourcing/,2024-10
rc-102,talent_pooling,engage,"Send a quarterly update to your talent pool with one role, one story and one company milestone.","Light, regular touches keep the pool warm without overwhelming.",global,medium,Monthly to quarterly cadence is the recommended baseline,Gem,https://www.gem.com/blog/talent-pool-management,2024-09
rc-103,talent_pooling,engage,Ask candidates if they want to join the talent pool when they decline an offer or are rejected.,Explicit opt-in talent pools are higher-quality and lower legal risk than silent retention.,global,medium,Pool consent improves engagement,Gem,https://www.gem.com/blog/best-practices-for-organizing-and-nurturing-talent-pools-for-recruiters,2024-07
rc-104,talent_pooling,engage,Build a small talent pool of internal employees who could be promoted. Internal hires fill in 10 to 15 days.,Internal talent visibility shortens fills and lifts retention.,global,high,Internal hires fill in 10 to 15 days vs 42 days external,Phenom,https://www.phenom.com/blog/what-is-talent-marketplace,2024-05
rc-105,talent_pooling,engage,"Personalise nurture emails with the candidate's name, the role they applied for and a relevant update.",Personalisation is the strongest predictor of nurture engagement.,global,medium,Personalised nurture lifts open and reply rates,Gem,https://www.gem.com/blog/best-practices-for-organizing-and-nurturing-talent-pools-for-recruiters,2024-07
rc-106,talent_pooling,engage,"Tag candidates by skill, not by job title. Skills tags age better and surface candidates for adjacent roles.",Skills-based tagging widens future re-use of the pool.,global,medium,Skills-based matching lifts pool reach by up to 6x,LinkedIn,https://business.linkedin.com/talent-solutions/resources/future-of-recruiting,2025-01
rc-107,measurement,analyse,Pick five KPIs for the campaign and review them every week. More than five becomes background noise.,Focused dashboards drive weekly action; wide dashboards drive contemplation.,global,high,Three to five KPIs reviewed weekly is the recommended cadence,AIHR,https://www.aihr.com/blog/recruitment-dashboard/,2024-11
rc-108,measurement,analyse,"Track time-to-fill, time-to-hire, applicant-to-interview, interview-to-offer and offer acceptance every week.",These five metrics cover the full funnel and surface every meaningful bottleneck.,global,high,Standard recruitment dashboard composition,AIHR,https://www.aihr.com/blog/recruitment-dashboard/,2024-11
rc-109,measurement,analyse,"Use a 42 day time-to-fill global benchmark or 32 days for AU. Above those, investigate.",Comparison to benchmarks turns numbers into decisions.,global,high,SHRM 42 day average and SmartRecruiters AU 32 day median,SHRM,https://www.shrm.org/about/press-room/shrm-releases-2025-benchmarking-reports--how-does-your-organizat,2025-08
rc-110,measurement,analyse,"Track cost per hire. Average non-executive cost per hire is around $5,500 USD.",CPH anchors channel ROI decisions and budget conversations.,global,high,"SHRM 2025 non-executive CPH $5,475",SHRM,https://www.shrm.org/about/press-room/shrm-releases-2025-benchmarking-reports--how-does-your-organizat,2025-08
rc-111,measurement,analyse,Score quality of hire at 90 days using a one-question manager rating: would you hire them again.,A single repeated question is more reliable than a complex framework for small teams.,global,medium,66% of TA pros use manager ratings for QoH,LinkedIn,https://business.linkedin.com/talent-solutions/resources/future-of-recruiting,2025-01
rc-112,measurement,analyse,Combine 90-day manager rating with 12-month retention to get a usable quality-of-hire signal.,Pre-hire and post-hire signals together beat either alone.,global,high,Two-category quality-of-hire framework,Ashby,https://www.ashbyhq.com/blog/recruiting/quality-of-hire,2024-09
rc-113,measurement,analyse,"Ask applicants where they first heard about the role, in their own words. Open-text answers surface real influence.",Last-touch source-of-hire misses the channel that actually influenced the candidate.,global,high,"Source-of-hire reflects application channel, not influence",Rally Recruitment Marketing,https://rallyrecruitmentmarketing.com/2026/05/source-of-hire-recruitment-marketing-attribution/,2025-05
rc-114,measurement,analyse,"Compare channel cost per quality hire, not cost per application. Cheap clicks can be expensive hires.",Quality-weighted channel cost is the only honest spend metric.,global,high,Quality-weighted attribution outperforms volume-weighted,Beamery,https://beamery.com/blog/recruitment-marketing-measurement,2024-07
rc-115,measurement,analyse,Aim for a healthy interview-to-offer rate between 25% and 38%. Below 15% means calibration or quality issues.,Bench mark anchors expose either intake or interview-design problems.,global,high,"Industry average 15 to 25%, top performers 28 to 38%",Pin,https://www.pin.com/blog/recruitment-funnel-benchmarks/,2025-12
rc-116,measurement,analyse,Aim for offer acceptance above 85%. Below 70% signals speed or pay issues.,Acceptance rate is the cleanest decision-stage signal.,global,high,"Healthy 85 to 90%, poor under 70%",HRBench,https://www.hrbench.com/resource/learn/offer-acceptance-rate,2024-08
rc-117,measurement,analyse,"Measure candidate NPS after every campaign. Above zero is acceptable, 30 plus is the goal.",CNPS surfaces friction the team cannot see internally.,global,high,Standard NPS interpretation,Starred,https://www.starred.com/blog/candidate-nps-benchmarks-what-are-they,2024-06
rc-118,measurement,analyse,"After the campaign, write a short retrospective with one thing to keep and one to change for next time.",Continuous improvement compounds across campaigns; ad hoc reflection does not.,global,medium,Cadence-based review is the recommended dashboard discipline,AIHR,https://www.aihr.com/blog/recruitment-dashboard/,2024-11
rc-119,measurement,analyse,Track applicant-to-interview rate. The industry average is around 2%; under 1% means top-of-funnel problems.,Top-of-funnel ratio diagnoses ad and channel problems early.,global,medium,2% applicant-to-interview industry average,CleverConnect,https://www.cleverconnect.com/glossaries/conversion-recruitment-definition-calculations,2024-06
rc-120,measurement,analyse,Watch first-week application volume as the leading indicator. Slow starts almost never recover.,"Early signal lets you fix the ad or channel mix in week one, not week four.",global,medium,Week-one volume predicts campaign outcome,CareerPlug,https://www.careerplug.com/recruiting-metrics-and-kpis/,2025-02
rc-121,candidate_experience,engage,Confirm interview slot acceptance by SMS within 30 minutes. Texts close the loop where email does not.,Most texts are read within three minutes; same-day confirmation reduces no-shows.,global,high,"SMS 98% open rate, 3-minute read time",Hireserve,https://hireserve.com/benefits-of-using-sms-for-candidate-communications/,2024-04
rc-122,candidate_experience,engage,Run a five-minute pre-interview call to set context. Cold interviews waste both sides' time.,Light pre-interview contact lifts interview-to-offer conversion.,global,medium,Recruiter touch predicts candidate engagement,Greenhouse,https://www.greenhouse.com/blog/greenhouse-2024-state-of-job-hunting-report,2024-12
rc-123,candidate_experience,offer,"Tell the candidate verbally before sending the rejection email. For finalists, do not let the email be the news.",Verbal first-rejection protects employer brand and silver-medalist warmth.,global,medium,Candidate resentment is at record levels in 2024,Talent Board,https://www.ere.net/articles/12-key-takeaways-from-the-2024-candidate-experience-benchmark-research,2024-12
rc-124,candidate_experience,offer,Confirm the start date in writing with a welcome note from the hiring manager within 24 hours of acceptance.,Quick post-acceptance touchpoints reduce renege risk in the gap before start.,global,medium,Offer-to-start gap is a known reneging window,Pin,https://www.pin.com/blog/applicant-drop-off-rates/,2025-12
rc-125,job_ad,attract,"Keep the application form under five minutes, including resume upload. Apply rate quadruples vs 15-minute forms.",Forms under 5 minutes convert at 12.5% vs 3.6% for forms over 15 minutes.,global,high,Appcast and HirezApp form length benchmarks,Appcast,https://www.appcast.io/how-to-write-a-job-ad-that-converts/,2024-03
rc-126,job_ad,attract,Cut the form to ten required fields or fewer. Every extra field cuts completion by 10 to 15%.,Field-count discipline is the highest-leverage apply-flow optimisation.,global,high,"4-to-3-field reduction lifts conversion 50%, 11-to-4 lifts 120%",FoundryCRO,https://foundrycro.com/blog/form-conversion-rate-benchmarks-2026/,2025-11
rc-127,job_ad,attract,Test the application on a phone before launching. Mobile drop-off is 30 to 50% higher on non-mobile-first sites.,67% of applications are submitted on mobile; phone-first testing prevents leaks.,global,high,Mobile applicants drop off 30-50% more on non-mobile-first apply flows,HireVire,https://hirevire.com/articles/mobile-recruitment-statistics,2024-08
rc-128,job_ad,attract,Allow resume upload by file or autofill from LinkedIn. Manual re-typing is the biggest mobile drop-off trigger.,Easy file paths protect mobile completion rates.,global,medium,Mobile applicants take 80% longer per field,HireVire,https://hirevire.com/articles/mobile-recruitment-statistics,2024-08
rc-129,job_ad,attract,Show a progress bar on multi-step applications. Knowing they are nearly done lifts completion materially.,Progress indicators reduce abandonment on longer forms.,global,medium,3 to 4 step forms with progress indicators outperform,FoundryCRO,https://foundrycro.com/blog/form-conversion-rate-benchmarks-2026/,2025-11
rc-130,job_ad,attract,Do not ask for the same data twice. Auto-fill name and email from the resume parse.,Duplicate fields are a top mid-application drop-off trigger.,global,medium,Form duplication kills completion,HireZapp,https://www.hirezapp.com/blogs/application-completion-rate-how-to-reduce-abandonment,2024-09
rc-131,strategy,plan,Decide whether the role is volume or specialist before choosing channels. Volume needs SEEK and Indeed; specialist needs LinkedIn and direct sourcing.,"Channel mix should match role shape, not recruiter preference.",global,medium,LinkedIn 25% interview-to-offer for specialist; Indeed 76% hires for volume,Breezy HR,https://marketing.breezy.hr/blog/indeed-vs-linkedin,2025-03
rc-132,strategy,plan,"For AU healthcare, education, construction, engineering or science roles, plan a longer campaign and a smaller channel mix.",These are the five sectors with persistent AU shortages.,AU,high,Most affected AU sectors per JSA 2025,Jobs and Skills Australia,https://www.jobsandskills.gov.au/data/occupation-shortage,2025-10
rc-133,strategy,plan,Brief the team on overseas candidates if local pipelines are thin. Six in ten AU employers now use overseas talent.,AU SMEs need to plan for this realistically rather than assume local pipelines.,AU,high,60% of AU employers use overseas talent for shortages,AHRI,https://www.ahri.com.au/wp-content/uploads/AHRI-WorkOutlook-Report-Q1.pdf,2024-06
rc-134,strategy,analyse,"After three campaigns, compare your benchmarks against AU norms: 32 days time-to-hire, 65 applicants per hire.",Benchmark comparison surfaces where the team is structurally above or below market.,AU,high,AU benchmarks per SmartRecruiters 2025,SmartRecruiters,https://www.smartrecruiters.com/blog/australia-benchmark-recruiting-metrics/,2025-03
rc-135,employer_brand,attract,"Show one piece of evidence for every EVP claim. If you say flexibility, show the rota; if growth, show a promotion path.",Evidence-backed claims outperform abstract promises and survive candidate due diligence.,global,medium,53% of candidates report ads differing from reality,Greenhouse,https://www.greenhouse.com/blog/greenhouse-2024-state-of-job-hunting-report,2024-12
rc-136,employer_brand,attract,"Audit your Glassdoor, SEEK Company Reviews and Google reviews quarterly. Candidates check before applying.",55% of job seekers avoid companies after reading negative reviews.,global,high,Candidate review-checking behaviour,AIHR,https://www.aihr.com/blog/candidate-nps/,2024-08
rc-137,employer_brand,attract,"Respond to every recent negative review with a calm, specific reply. Silence reads as confirmation.",Owner responses materially lift candidate trust scores.,global,medium,Review responsiveness drives perceived employer credibility,AIHR,https://www.aihr.com/blog/candidate-nps/,2024-08
rc-138,sourcing,attract,Run a quick LinkedIn search of past employees who left in good standing. Boomerang hires are fast and high-quality.,Returning employees onboard faster and bring intact knowledge.,global,medium,Passive sourcing studies favour warm networks,Hootrecruit,https://hootrecruit.com/blog/passive-talent-sourcing/,2024-10
rc-139,sourcing,attract,Source from communities and meet-ups before job boards for niche technical roles. Domain trust converts.,"Warm community outreach converts at 40 to 60%, well above cold sourcing.",global,medium,Warm outreach reply rates 40-60%,Metaview,https://www.metaview.ai/resources/blog/candidate-outreach,2024-10
rc-140,sourcing,attract,"Track which channel produced each shortlist, not just each hire. Channel-to-shortlist ratio is a cleaner quality signal.",Hire-only attribution misses the channels that consistently produce strong finalists.,global,medium,Multi-touchpoint attribution beats last-touch,Crosschq,https://www.crosschq.com/blog/candidate-sourcing-metrics-how-to-measure-and-apply-proper-channel-attribution,2024-08
rc-141,ai_automation,plan,"Use AI to draft three candidate persona briefs before the campaign. Faster than starting from blank, sharper than recycled.",AI-drafted briefs save hours and force the team to pick the persona that matters.,global,medium,AI saves recruiters ~20% of time,LinkedIn,https://business.linkedin.com/talent-solutions/resources/future-of-recruiting,2025-01
rc-142,ai_automation,analyse,Have AI summarise candidate experience survey free-text into the top three themes after each campaign.,AI summarisation makes qualitative data actionable on small teams.,global,medium,AI augments analysis tasks effectively,LinkedIn,https://business.linkedin.com/talent-solutions/resources/future-of-recruiting,2025-01
rc-143,measurement,analyse,"Track diversity of the applicant pool, the shortlist and the hire separately. Drop-off between them surfaces structural bias.",Stage-level diversity tracking pinpoints where the funnel narrows unfairly.,global,high,Stage-level monitoring is the recommended bias-audit approach,Impress.ai,https://impress.ai/blogs/the-2025-guide-to-eliminating-bias-in-ai-recruitment/,2025-03
rc-144,measurement,analyse,Review hiring manager satisfaction quarterly. Their honest feedback predicts campaign quality.,HM satisfaction is one of the three most-used QoH inputs.,global,high,44% of TA pros use HM satisfaction for QoH,LinkedIn,https://business.linkedin.com/talent-solutions/resources/future-of-recruiting,2025-01
rc-145,measurement,analyse,"Capture cost per quality hire, not just cost per hire. Divide spend by hires that pass the 90-day rating.",Quality-adjusted CPH reveals where spend is wasted on hires that do not stick.,global,medium,Two-category quality framework,Ashby,https://www.ashbyhq.com/blog/recruiting/quality-of-hire,2024-09
rc-146,candidate_experience,attract,Make the apply button visible above the fold on every device. Hidden CTAs lose mobile candidates.,Above-the-fold CTAs lift conversion on small screens.,global,medium,Mobile-first design lifts completion,HireVire,https://hirevire.com/articles/mobile-recruitment-statistics,2024-08
rc-147,candidate_experience,attract,Avoid forcing candidates to create an account before applying. Account walls drop completion by 30% or more.,Frictionless apply is the single biggest lever on completion.,global,high,Account creation is a top abandonment trigger,Pin,https://www.pin.com/blog/applicant-drop-off-rates/,2025-12
rc-148,strategy,plan,Refresh the job ad if it has been live more than 14 days without conversion. Stale ads keep underperforming.,Two-week refresh cycle catches dead campaigns before budget is wasted.,global,medium,Recurring ad performance optimisation tactic,Indeed,https://www.indeed.com/hire/resources/howtohub/recurring-job,2024-04
rc-149,strategy,plan,Run one campaign at a time per recruiter on volume roles. Splitting attention slows every fill.,Sequenced campaigns close faster and produce better hires than parallel ones.,global,medium,Capacity research shows reqs-per-recruiter discipline,SelectSoftwareReviews,https://www.selectsoftwarereviews.com/blog/recruiter-capacity-model,2024-06
rc-150,strategy,engage,Run a weekly 20 minute campaign stand-up with the hiring manager. No agenda beyond pipeline and decisions.,"Short, regular touchpoints keep decisions moving and the panel calibrated.",global,medium,Cadence-based reviews accelerate hiring,Gem,https://www.gem.com/blog/preparing-for-the-kickoff-meeting-with-your-hiring-manager,2024-04
